<?xml version="1.1" encoding="UTF-8" standalone="yes"?>
<addon id="plugin.video.playklub"
       name="[COLOR gold].THE PLAYERS KLUB BETA[/COLOR]"
       version="1.9.1"
       provider-name="players">
  <requires>
    <import addon="xbmc.python" version="2.1.0"/>
  </requires>
  <extension point="xbmc.python.pluginsource"
            library="default.py">
        <provides>video</provides>
  </extension>
  <extension point="xbmc.addon.metadata">
    <summary lang="en">Players Klub</summary>
    <language>en</language>
    <description lang="en">Players Klub - Live TV / PPV / Sports / Kids / Movies / Entertainment at an affordable price for all.</description>
     <platform>all</platform>
  </extension>
</addon>
